avg_inter,rf,u,nu,nu2,nu3,nu4,nu4+
72.55,0.019,-3.0,-0.056999999999999995,0.17099999999999999,-0.513,1.539,0.304
88.65,0.048,-2.0,-0.096,0.192,-0.384,0.768,0.048
104.75,0.144,-1.0,-0.144,0.144,-0.144,0.144,0.0
120.85,0.26,0.0,0.0,0.0,0.0,0.0,0.26
136.95,0.26,1.0,0.26,0.26,0.26,0.26,4.16
153.05,0.202,2.0,0.404,0.808,1.616,3.232,16.362000000000002
169.05,0.067,3.0,0.201,0.603,1.8090000000000002,5.4270000000000005,17.152
845.8499999999999,1.0,0.0,0.5680000000000001,2.178,2.644,11.370000000000001,38.286
