inter,avg_inter,af,rf
"[321, 365)",343.0,4.0,0.04
"[365, 409)",387.0,9.0,0.09
"[409, 453)",431.0,27.0,0.27
"[453, 497)",475.0,35.0,0.3500000000000001
"[497, 541)",519.0,17.0,0.16999999999999998
"[541, 585)",563.0,6.0,0.060000000000000005
"[585, 623)",604.0,2.0,0.02
