avg_inter,rf,u,nu,nu2,nu3,nu4,nu4+
92.9,0.06,-3.0,-0.18,0.54,-1.6199999999999999,4.859999999999999,0.96
108.9,0.14,-2.0,-0.28,0.56,-1.12,2.24,0.14
124.9,0.32,-1.0,-0.32,0.32,-0.32,0.32,0.0
140.9,0.33,0.0,0.0,0.0,0.0,0.0,0.33
156.9,0.09,1.0,0.09,0.09,0.09,0.09,1.44
172.9,0.04,2.0,0.08,0.16,0.32,0.64,3.24
188.3,0.02,3.0,0.06,0.18,0.54,1.62,5.12
985.7,1.0,0.0,-0.55,1.85,-2.11,9.77,11.23
